name,phone,email,address,postalZip,country,password,pan,expdate,cvv
Hiram Carr,(910) 453-5775,dui.lectus@google.ca,322-3020 Venenatis Rd.,51728,United States,XBX73UKT9EG,547696 4338816657,"Jul 17, 2023",131
Laurel Blackwell,1-251-866-5263,curabitur@hotmail.ca,Ap #456-7190 Sit Avenue,57747,United States,HJO27NFC3EL,6767 5614 5863 3462,"Apr 7, 2024",646
Lewis Cole,1-776-604-3505,magna@protonmail.com,343-5736 Fusce St.,72676,United States,OWM11WLI4SW,301448526729876,"Jul 8, 2024",465
Orli Harvey,1-774-372-8787,consectetuer.mauris@google.net,417-4050 Fusce Av.,99764,United States,KIK58GOO5TO,201447688384637,"Jun 30, 2024",426
Scott Barnett,(371) 331-9762,nibh@aol.com,"Ap #572-2346 Non, Road",81210,United States,YSL65YPE7VW,3486 533438 52265,"Mar 17, 2024",238
Quinn Bishop,1-977-431-3843,sed.nunc@hotmail.couk,108-5243 Eleifend Avenue,98751,United States,FRN34ZAN6IR,450 82426 88788 137,"Sep 29, 2022",456
Buffy Mann,(835) 612-3845,eget@yahoo.ca,"Ap #637-1494 Elit, Rd.",78365,United States,CYE44BRS7YR,374472815375995,"May 11, 2024",788
Uma Brown,(805) 588-0954,enim.sit@yahoo.net,"Ap #249-7946 Facilisis, Ave",25222,United States,WSK61NSC7ZT,471676 874211 1922,"May 29, 2023",704
Colleen Graves,1-152-651-2490,nascetur@icloud.ca,2926 Netus Street,98687,United States,FOG63KJQ2MG,377435223635828,"Apr 11, 2024",907
Ezra Myers,1-695-622-3436,molestie@icloud.ca,Ap #691-4766 Non Street,85333,United States,WEF62LNW8YD,541697 547557 4720,"Feb 8, 2024",806
Nita Best,1-283-455-7711,sed@yahoo.net,Ap #564-6882 Senectus Rd.,22573,United States,SOB32ZQM4PU,646 33887 31712 344,"Jul 17, 2023",852
Sean Henson,1-212-252-7316,est@google.com,4892 Libero Av.,39465,United States,IEC00WUQ3CP,676779 241252 8221,"Feb 13, 2023",626
Finn Bell,1-412-483-4222,vulputate.mauris@aol.edu,125-8708 Porttitor St.,23243,United States,SVN60QJM7YH,4532151838678777,"Mar 2, 2023",856
Alexander Harris,1-867-187-6187,vehicula.risus@protonmail.edu,164-8659 Eu Road,12214,United States,BUE56PHM9WG,402623 5145876837,"Nov 7, 2022",143
Dominique Kline,1-811-914-0181,sed.congue@hotmail.ca,Ap #508-3940 Ipsum. Road,80469,United States,NNM82OUR9DM,633315 13 7945 9254 231,"Jan 20, 2023",481
Irma Francis,(855) 354-4060,mauris.aliquam.eu@aol.com,9122 A Street,31087,United States,WMZ77FOB4FL,3645 281733 53452,"Apr 11, 2024",273
Ulla Ford,1-344-915-2717,sed.diam@outlook.com,Ap #841-158 Tellus. Ave,83398,United States,FRI87GLZ4IE,676188371476634448,"Jul 7, 2023",178
Ocean Good,(346) 777-3671,ligula.tortor@yahoo.ca,Ap #681-4355 Aliquam Av.,30314,United States,QOL84UGH9QS,648 61449 82813 445,"Dec 4, 2023",609
Salvador Hopper,(793) 205-4828,etiam.imperdiet@google.com,589-2427 Mi. Avenue,33507,United States,HNW67KRP4QW,343487639755642,"Oct 1, 2023",159
Emerson West,1-982-949-3791,dignissim@hotmail.ca,7589 Curae Street,38632,United States,PFD26HYK3NS,303826467593880,"Jan 25, 2023",731
